;リソース名,元ファイル名,x,y,width,height

;タイトル画像
;============
rev00000,title.png,0,0,897,16
rev00001,title.png,0,16,897,16
rev00002,title.png,0,32,897,16
rev00003,title.png,0,48,897,16
rev00004,title.png,0,64,897,16
rev00005,title.png,0,80,897,16
rev00006,title.png,0,96,897,16
rev00007,title.png,0,112,897,16
rev00008,title.png,0,128,897,16
rev00009,title.png,0,144,897,16
rev00010,title.png,0,160,897,16
rev00011,title.png,0,176,897,16
rev00012,title.png,0,192,897,16
rev00013,title.png,0,208,897,16
rev00014,title.png,0,224,897,16
rev00015,title.png,0,240,897,16
rev00016,title.png,0,256,897,16
rev00017,title.png,0,272,897,16
rev00018,title.png,0,288,897,16
rev00019,title.png,0,304,897,16
rev00020,title.png,0,320,897,16
rev00021,title.png,0,336,897,16
rev00022,title.png,0,352,897,16
rev00023,title.png,0,368,897,16
rev00024,title.png,0,384,897,16
rev00025,title.png,0,400,897,16
rev00026,title.png,0,416,897,16
rev00027,title.png,0,432,897,16
rev00028,title.png,0,448,897,16
rev00029,title.png,0,465,897,16
rev00030,title.png,0,481,897,16
rev00031,title.png,0,497,897,16
rev00032,title.png,0,513,897,16
rev00033,title.png,0,529,897,16
rev00034,title.png,0,545,897,16
rev00035,title.png,0,561,897,16
rev00036,title.png,0,577,897,16
rev00037,title.png,0,593,897,16
rev00038,title.png,0,609,897,16
rev00039,title.png,0,625,897,16
rev00040,title.png,0,641,897,16
rev00041,title.png,0,657,897,16
